--
-- PostgreSQL database dump
--

\restrict baaLeipQPKHMBKkBnhZi7cnqheUx9BAaeUpFlcScUajJ0au1gvDrWpBQJ7u12Ml

-- Dumped from database version 17.6
-- Dumped by pg_dump version 17.6

SET statement_timeout = 0;
SET lock_timeout = 0;
SET idle_in_transaction_session_timeout = 0;
SET transaction_timeout = 0;
SET client_encoding = 'UTF8';
SET standard_conforming_strings = on;
SELECT pg_catalog.set_config('search_path', '', false);
SET check_function_bodies = false;
SET xmloption = content;
SET client_min_messages = warning;
SET row_security = off;

--
-- Data for Name: branches; Type: TABLE DATA; Schema: public; Owner: postgres
--

INSERT INTO public.branches (id, name, code, address, phone, email, parent_id, is_active, created_at, updated_at) VALUES ('67d0ef4e-a941-4852-8d0d-cfa3f16b1343', '부산지사', 'BUSAN', '부산광역시 해운대구 센텀중앙로 456', '051-1234-5678', 'busan@brotherhood.or.kr', NULL, true, '2025-09-17 05:34:25.729369+00', '2025-09-17 05:34:25.729369+00');
INSERT INTO public.branches (id, name, code, address, phone, email, parent_id, is_active, created_at, updated_at) VALUES ('9d3e6bb1-5ade-4030-a8cf-0aadd9997382', '대구지사', 'DAEGU', '대구광역시 수성구 동대구로 789', '053-1234-5678', 'daegu@brotherhood.or.kr', NULL, true, '2025-09-17 05:34:25.729369+00', '2025-09-17 05:34:25.729369+00');
INSERT INTO public.branches (id, name, code, address, phone, email, parent_id, is_active, created_at, updated_at) VALUES ('0039c0f7-74cb-472d-9cd4-f0a7fb52f4d4', '광주지사', 'GWANGJU', '광주광역시 서구 상무대로 321', '062-1234-5678', 'gwangju@brotherhood.or.kr', NULL, true, '2025-09-17 05:34:25.729369+00', '2025-09-17 05:34:25.729369+00');
INSERT INTO public.branches (id, name, code, address, phone, email, parent_id, is_active, created_at, updated_at) VALUES ('2f4531f2-3f18-4710-ae04-9b5ea8d14505', '대전지사', 'DAEJEON', '대전광역시 유성구 대학로 654', '042-1234-5678', 'daejeon@brotherhood.or.kr', NULL, true, '2025-09-17 05:34:25.729369+00', '2025-09-17 05:34:25.729369+00');
INSERT INTO public.branches (id, name, code, address, phone, email, parent_id, is_active, created_at, updated_at) VALUES ('433fec24-b2b8-4b3c-a9a4-af9d69e104e3', '본원', 'HQ', '서울시 성북구 성북동 한국순교복자수도회', '02-1234-5678', 'hq@brotherhood.or.kr', NULL, true, '2025-09-17 05:34:25.729369+00', '2025-09-18 08:39:09.6146+00');


--
-- Data for Name: users; Type: TABLE DATA; Schema: public; Owner: postgres
--

INSERT INTO public.users (id, email, password_hash, baptismal_name, phone, branch_id, is_active, last_login_at, created_at, updated_at, name, login_id) VALUES ('ac31e829-d5c6-4a1d-92de-439178b12f5f', 'admin@brotherhood.or.kr', '$2a$10$QVNzl2cwAjAuHpBMubvObu23SfUV3VtIh6eochw3AGbKLY9U4yO1a', '야고보', '010-1234-5678', '433fec24-b2b8-4b3c-a9a4-af9d69e104e3', true, '2025-09-30 06:23:27.66424+00', '2025-09-17 05:34:25.747791+00', '2025-09-30 06:23:27.567788+00', '류지인', 'admin');
INSERT INTO public.users (id, email, password_hash, baptismal_name, phone, branch_id, is_active, last_login_at, created_at, updated_at, name, login_id) VALUES ('feaa1480-db2a-437d-81ff-d62dac79fb9a', 'test.user.1758605480259@brotherhood.com', '$2a$10$QVNzl2cwAjAuHpBMubvObu23SfUV3VtIh6eochw3AGbKLY9U4yO1a', '야고보', '010-9999-8888', '433fec24-b2b8-4b3c-a9a4-af9d69e104e3', true, NULL, '2025-09-23 05:31:20.370912+00', '2025-09-24 05:57:51.059467+00', '수정된 이름', 'test_id07');
INSERT INTO public.users (id, email, password_hash, baptismal_name, phone, branch_id, is_active, last_login_at, created_at, updated_at, name, login_id) VALUES ('80112239-d998-4855-bfef-ca2e09fbc21d', 'supervisor1@brotherhood.or.kr', '$2a$10$QVNzl2cwAjAuHpBMubvObu23SfUV3VtIh6eochw3AGbKLY9U4yO1a', '베드로', '010-9999-8888', '433fec24-b2b8-4b3c-a9a4-af9d69e104e3', true, NULL, '2025-09-17 05:34:25.747791+00', '2025-09-25 08:31:31.984578+00', '수정된 이름', 'test_id06');
INSERT INTO public.users (id, email, password_hash, baptismal_name, phone, branch_id, is_active, last_login_at, created_at, updated_at, name, login_id) VALUES ('7cdd2006-5fd2-4f6a-bdb0-e69faf88c3bf', 'user1@brotherhood.or.kr', '$2a$10$QVNzl2cwAjAuHpBMubvObu23SfUV3VtIh6eochw3AGbKLY9U4yO1a', '마태오', '010-5678-9012', '433fec24-b2b8-4b3c-a9a4-af9d69e104e3', true, NULL, '2025-09-17 05:34:25.747791+00', '2025-09-24 00:49:49.97847+00', '호윤 정', 'test_id04');
INSERT INTO public.users (id, email, password_hash, baptismal_name, phone, branch_id, is_active, last_login_at, created_at, updated_at, name, login_id) VALUES ('e8ad44fc-4ae6-4d67-ba3c-753b06514ceb', 'test@example.com', '$2a$10$QVNzl2cwAjAuHpBMubvObu23SfUV3VtIh6eochw3AGbKLY9U4yO1a', '미카엘', '010-1234-5678', '9d3e6bb1-5ade-4030-a8cf-0aadd9997382', true, NULL, '2025-09-17 05:34:25.747791+00', '2025-09-24 00:49:49.97847+00', '황정식', 'test_id05');
INSERT INTO public.users (id, email, password_hash, baptismal_name, phone, branch_id, is_active, last_login_at, created_at, updated_at, name, login_id) VALUES ('cf1b8796-f615-48b4-964e-36e7f6731001', 'test.user.1758611555794@brotherhood.com', '$2a$10$QVNzl2cwAjAuHpBMubvObu23SfUV3VtIh6eochw3AGbKLY9U4yO1a', '바오로', '010-1234-5678', '433fec24-b2b8-4b3c-a9a4-af9d69e104e3', true, NULL, '2025-09-23 07:12:35.888142+00', '2025-09-24 00:49:49.97847+00', '이윤준', 'test_id09');
INSERT INTO public.users (id, email, password_hash, baptismal_name, phone, branch_id, is_active, last_login_at, created_at, updated_at, name, login_id) VALUES ('afa0aee8-0937-47b3-b236-8fc37397cdb7', 'busan_manager@brotherhood.or.kr', '$2a$10$QVNzl2cwAjAuHpBMubvObu23SfUV3VtIh6eochw3AGbKLY9U4yO1a', '야고보', '010-9999-8888', '67d0ef4e-a941-4852-8d0d-cfa3f16b1343', true, NULL, '2025-09-17 05:34:25.747791+00', '2025-09-24 05:57:51.059467+00', '수정된 이름', 'test_id03');
INSERT INTO public.users (id, email, password_hash, baptismal_name, phone, branch_id, is_active, last_login_at, created_at, updated_at, name, login_id) VALUES ('36bbe4eb-9dc8-43aa-9dc0-af8d02eb3dc5', 'senior1@brotherhood.or.kr', '$2a$10$QVNzl2cwAjAuHpBMubvObu23SfUV3VtIh6eochw3AGbKLY9U4yO1a', '야고보', '010-9999-8888', '433fec24-b2b8-4b3c-a9a4-af9d69e104e3', true, '2025-09-24 00:49:54.660419+00', '2025-09-17 05:34:25.747791+00', '2025-09-24 05:57:51.059467+00', '수정된 이름', 'test_id02');
INSERT INTO public.users (id, email, password_hash, baptismal_name, phone, branch_id, is_active, last_login_at, created_at, updated_at, name, login_id) VALUES ('2d8f7b91-6761-4c03-bbc3-9d59f43e2961', 'ecb69@naver.com', '$2a$10$QVNzl2cwAjAuHpBMubvObu23SfUV3VtIh6eochw3AGbKLY9U4yO1a', '안토니오', '010-9999-8888', '433fec24-b2b8-4b3c-a9a4-af9d69e104e3', true, NULL, '2025-09-23 07:20:59.956811+00', '2025-09-25 07:51:46.309197+00', '이시종', 'test_id11');
INSERT INTO public.users (id, email, password_hash, baptismal_name, phone, branch_id, is_active, last_login_at, created_at, updated_at, name, login_id) VALUES ('acb61ed2-1431-4f3b-aba2-c62e94c807b0', 'test.user.1758611578650@brotherhood.com', '$2a$10$QVNzl2cwAjAuHpBMubvObu23SfUV3VtIh6eochw3AGbKLY9U4yO1a', '에라스토', '010-1234-5678', '433fec24-b2b8-4b3c-a9a4-af9d69e104e3', true, NULL, '2025-09-23 07:12:58.710076+00', '2025-09-25 08:31:31.984578+00', '테스트 사용자', 'test_id10');
INSERT INTO public.users (id, email, password_hash, baptismal_name, phone, branch_id, is_active, last_login_at, created_at, updated_at, name, login_id) VALUES ('ac78f8e8-208b-4796-b4ed-0b955f9ff1e2', 'test.user.1758605490074@brotherhood.com', '$2a$10$QVNzl2cwAjAuHpBMubvObu23SfUV3VtIh6eochw3AGbKLY9U4yO1a', '미카엘', '010-9999-8888', '433fec24-b2b8-4b3c-a9a4-af9d69e104e3', true, NULL, '2025-09-23 05:31:30.162269+00', '2025-09-25 08:31:31.984578+00', '수정된 이름', 'test_id08');
INSERT INTO public.users (id, email, password_hash, baptismal_name, phone, branch_id, is_active, last_login_at, created_at, updated_at, name, login_id) VALUES ('01402d37-5e77-4806-98fe-f87e5f9f3771', 'manager1@brotherhood.or.kr', '$2a$10$QVNzl2cwAjAuHpBMubvObu23SfUV3VtIh6eochw3AGbKLY9U4yO1a', '야고보', '010-9999-8888', '433fec24-b2b8-4b3c-a9a4-af9d69e104e3', true, '2025-09-30 05:03:35.313481+00', '2025-09-17 05:34:25.747791+00', '2025-09-30 05:03:35.163429+00', '수정된 이름', 'test_id01');


--
-- Data for Name: documents; Type: TABLE DATA; Schema: public; Owner: postgres
--

INSERT INTO public.documents (id, title, content, document_type, security_level, status, priority, author_id, branch_id, parent_document_id, version, is_final, created_at, updated_at, submitted_at, approved_at, document_number, rejected_at, rejection_reason, due_date) VALUES ('5c281c1c-9a1d-4f42-af67-0898712df18e', '신규 직원 채용 계획', '2024년 하반기 신규 직원 채용 계획서입니다.', 'HR', 'GENERAL', 'SUBMITTED', 'NORMAL', '80112239-d998-4855-bfef-ca2e09fbc21d', '433fec24-b2b8-4b3c-a9a4-af9d69e104e3', NULL, 1, false, '2025-09-17 05:34:25.769889+00', '2025-09-17 05:34:25.769889+00', NULL, NULL, NULL, NULL, NULL, NULL);
INSERT INTO public.documents (id, title, content, document_type, security_level, status, priority, author_id, branch_id, parent_document_id, version, is_final, created_at, updated_at, submitted_at, approved_at, document_number, rejected_at, rejection_reason, due_date) VALUES ('18d8e2a4-ed40-47cf-ab85-e99274d85591', '2024년 예산 계획서', '2024년도 예산 계획에 대한 문서입니다.', 'BUDGET', 'GENERAL', 'DRAFT', 'HIGH', '01402d37-5e77-4806-98fe-f87e5f9f3771', '433fec24-b2b8-4b3c-a9a4-af9d69e104e3', NULL, 1, false, '2025-09-22 04:16:40.079956+00', '2025-09-22 04:16:40.079956+00', NULL, NULL, NULL, NULL, NULL, NULL);
INSERT INTO public.documents (id, title, content, document_type, security_level, status, priority, author_id, branch_id, parent_document_id, version, is_final, created_at, updated_at, submitted_at, approved_at, document_number, rejected_at, rejection_reason, due_date) VALUES ('d29cff01-0967-4390-9369-3389b8c769c7', '신규 직원 채용 계획', '2024년 하반기 신규 직원 채용 계획서입니다.', 'HR', 'GENERAL', 'SUBMITTED', 'NORMAL', '80112239-d998-4855-bfef-ca2e09fbc21d', '433fec24-b2b8-4b3c-a9a4-af9d69e104e3', NULL, 1, false, '2025-09-22 04:16:40.079956+00', '2025-09-22 04:16:40.079956+00', NULL, NULL, NULL, NULL, NULL, NULL);
INSERT INTO public.documents (id, title, content, document_type, security_level, status, priority, author_id, branch_id, parent_document_id, version, is_final, created_at, updated_at, submitted_at, approved_at, document_number, rejected_at, rejection_reason, due_date) VALUES ('5dbe107d-e516-4666-bc26-c231fbc55ba6', '테스트 문서', '테스트 내용', 'meeting', 'GENERAL', 'DRAFT', 'NORMAL', 'ac31e829-d5c6-4a1d-92de-439178b12f5f', '433fec24-b2b8-4b3c-a9a4-af9d69e104e3', NULL, 1, false, '2025-09-24 05:51:11.128938+00', '2025-09-24 05:51:11.128938+00', NULL, NULL, 'DOC-20250924-0009', NULL, NULL, NULL);
INSERT INTO public.documents (id, title, content, document_type, security_level, status, priority, author_id, branch_id, parent_document_id, version, is_final, created_at, updated_at, submitted_at, approved_at, document_number, rejected_at, rejection_reason, due_date) VALUES ('6a6e22bf-e3a6-4b42-886a-3640406fafaa', '??? ??', '??? ??', 'INTERNAL', 'GENERAL', 'APPROVED', 'NORMAL', 'ac31e829-d5c6-4a1d-92de-439178b12f5f', '433fec24-b2b8-4b3c-a9a4-af9d69e104e3', NULL, 1, false, '2025-09-29 01:29:18.041343+00', '2025-09-29 02:17:40.236916+00', NULL, '2025-09-29 02:17:40.242993+00', 'DOC-20250929-0012', NULL, NULL, NULL);
INSERT INTO public.documents (id, title, content, document_type, security_level, status, priority, author_id, branch_id, parent_document_id, version, is_final, created_at, updated_at, submitted_at, approved_at, document_number, rejected_at, rejection_reason, due_date) VALUES ('3f3c8dd9-236f-4555-966f-3898191dc7e4', '입회자 추천 건', '문서 내용 수정', '제안서', 'GENERAL', 'DRAFT', 'HIGH', 'ac31e829-d5c6-4a1d-92de-439178b12f5f', '433fec24-b2b8-4b3c-a9a4-af9d69e104e3', NULL, 1, false, '2025-09-24 05:48:57.010729+00', '2025-09-24 07:12:43.038382+00', NULL, NULL, 'DOC-20250924-0008', NULL, NULL, '2025-09-30 09:00:00');
INSERT INTO public.documents (id, title, content, document_type, security_level, status, priority, author_id, branch_id, parent_document_id, version, is_final, created_at, updated_at, submitted_at, approved_at, document_number, rejected_at, rejection_reason, due_date) VALUES ('1e50afa0-a126-4346-962b-e339175896ef', '보안 정책 개정안', '시스템 보안 정책 개정에 대한 문서입니다.', 'SECURITY', 'CONFIDENTIAL', 'PENDING', 'HIGH', 'ac31e829-d5c6-4a1d-92de-439178b12f5f', '433fec24-b2b8-4b3c-a9a4-af9d69e104e3', NULL, 1, false, '2025-09-17 05:34:25.769889+00', '2025-09-24 07:35:29.217663+00', '2025-09-24 07:35:29.220371+00', NULL, NULL, NULL, NULL, NULL);
INSERT INTO public.documents (id, title, content, document_type, security_level, status, priority, author_id, branch_id, parent_document_id, version, is_final, created_at, updated_at, submitted_at, approved_at, document_number, rejected_at, rejection_reason, due_date) VALUES ('7520f548-63a6-4af0-a4f4-bf2c228bc655', '보안 정책 개정안', '시스템 보안 정책 개정에 대한 문서입니다.', 'SECURITY', 'CONFIDENTIAL', 'PENDING', 'HIGH', 'ac31e829-d5c6-4a1d-92de-439178b12f5f', '433fec24-b2b8-4b3c-a9a4-af9d69e104e3', NULL, 1, false, '2025-09-22 04:16:40.079956+00', '2025-09-24 07:36:05.521607+00', '2025-09-24 07:36:05.522968+00', NULL, NULL, NULL, NULL, NULL);
INSERT INTO public.documents (id, title, content, document_type, security_level, status, priority, author_id, branch_id, parent_document_id, version, is_final, created_at, updated_at, submitted_at, approved_at, document_number, rejected_at, rejection_reason, due_date) VALUES ('0b0c4135-9793-4b9d-96ef-0c10d541d9ca', '새 문서 제목', '새 문서 작성 테스트', 'report', 'GENERAL', 'PENDING', 'NORMAL', 'ac31e829-d5c6-4a1d-92de-439178b12f5f', '433fec24-b2b8-4b3c-a9a4-af9d69e104e3', NULL, 1, false, '2025-09-24 05:54:39.08737+00', '2025-09-24 07:37:04.65717+00', '2025-09-24 07:37:04.657112+00', NULL, 'DOC-20250924-0010', NULL, NULL, NULL);
INSERT INTO public.documents (id, title, content, document_type, security_level, status, priority, author_id, branch_id, parent_document_id, version, is_final, created_at, updated_at, submitted_at, approved_at, document_number, rejected_at, rejection_reason, due_date) VALUES ('fed7b93c-f398-45eb-80a7-bf67376d51b3', '문서 제목 수정-첨부파일 수정', '문서 내용 수', '회의록', 'GENERAL', 'DRAFT', 'LOW', 'ac31e829-d5c6-4a1d-92de-439178b12f5f', '433fec24-b2b8-4b3c-a9a4-af9d69e104e3', NULL, 1, false, '2025-09-24 05:48:36.272579+00', '2025-09-25 06:33:18.846559+00', NULL, NULL, 'DOC-20250924-0007', NULL, NULL, '2025-09-30 09:00:00');
INSERT INTO public.documents (id, title, content, document_type, security_level, status, priority, author_id, branch_id, parent_document_id, version, is_final, created_at, updated_at, submitted_at, approved_at, document_number, rejected_at, rejection_reason, due_date) VALUES ('d9164d5f-2acc-48a0-a6df-0482b9ab5f8b', '결재선 테스트2', '결재선 테스트 내용', 'report', 'GENERAL', 'DRAFT', 'NORMAL', '01402d37-5e77-4806-98fe-f87e5f9f3771', '433fec24-b2b8-4b3c-a9a4-af9d69e104e3', NULL, 1, false, '2025-09-26 04:16:26.247816+00', '2025-09-26 04:16:26.247816+00', NULL, NULL, 'DOC-20250926-0011', NULL, NULL, NULL);
INSERT INTO public.documents (id, title, content, document_type, security_level, status, priority, author_id, branch_id, parent_document_id, version, is_final, created_at, updated_at, submitted_at, approved_at, document_number, rejected_at, rejection_reason, due_date) VALUES ('37410fd8-ed2e-44a3-8fcc-a7977ca06e50', '2024년 예산 계획서', '2024년도 예산 계획에 대한 문서입니다.', 'BUDGET', 'GENERAL', 'APPROVED', 'HIGH', '01402d37-5e77-4806-98fe-f87e5f9f3771', '433fec24-b2b8-4b3c-a9a4-af9d69e104e3', NULL, 1, false, '2025-09-17 05:34:25.769889+00', '2025-09-30 01:12:22.441696+00', '2025-09-26 06:14:43.789814+00', '2025-09-30 01:12:22.461688+00', NULL, NULL, NULL, NULL);
INSERT INTO public.documents (id, title, content, document_type, security_level, status, priority, author_id, branch_id, parent_document_id, version, is_final, created_at, updated_at, submitted_at, approved_at, document_number, rejected_at, rejection_reason, due_date) VALUES ('3174fef7-023b-4834-a533-025916b39b46', '대시 보드 사용자 전용 문서 확인', '대시보드에 이것만 보이냐?', 'report', 'GENERAL', 'APPROVED', 'NORMAL', '01402d37-5e77-4806-98fe-f87e5f9f3771', '433fec24-b2b8-4b3c-a9a4-af9d69e104e3', NULL, 1, false, '2025-09-29 04:31:44.533217+00', '2025-09-30 01:30:47.915946+00', '2025-09-30 00:48:50.134991+00', '2025-09-30 01:30:47.927074+00', 'DOC-20250929-0013', NULL, NULL, NULL);
INSERT INTO public.documents (id, title, content, document_type, security_level, status, priority, author_id, branch_id, parent_document_id, version, is_final, created_at, updated_at, submitted_at, approved_at, document_number, rejected_at, rejection_reason, due_date) VALUES ('e6f344ae-f6d7-4e46-b1d0-fe1f6aa3d61c', '결제 승인 테스트', '결재 승인 테스트 내용입력', 'report', 'GENERAL', 'APPROVED', 'NORMAL', '01402d37-5e77-4806-98fe-f87e5f9f3771', '433fec24-b2b8-4b3c-a9a4-af9d69e104e3', NULL, 1, false, '2025-09-30 01:34:07.764234+00', '2025-09-30 04:24:23.919478+00', '2025-09-30 01:38:55.530024+00', '2025-09-30 04:24:23.94578+00', 'DOC-20250930-0014', NULL, NULL, NULL);
INSERT INTO public.documents (id, title, content, document_type, security_level, status, priority, author_id, branch_id, parent_document_id, version, is_final, created_at, updated_at, submitted_at, approved_at, document_number, rejected_at, rejection_reason, due_date) VALUES ('d230113d-04fc-4709-8b31-4ac291845ca0', '류지인 야구부 신부 도배 건에 대한 항의', '
류 야구부 형제의 모든 복자회 건물을 새로 도배하겠다고 주장하는것은
지 버릇 개못준다고.. 모든 형제들을 .. 미친겁니다.
이 안토니오 양말을 멕여야 합니다. 승인바랍니다.', 'report', 'GENERAL', 'PENDING', 'NORMAL', '01402d37-5e77-4806-98fe-f87e5f9f3771', '433fec24-b2b8-4b3c-a9a4-af9d69e104e3', NULL, 1, false, '2025-09-30 04:56:45.417962+00', '2025-09-30 05:03:45.898884+00', '2025-09-30 05:03:45.901112+00', NULL, 'DOC-20250930-0015', NULL, NULL, NULL);


--
-- Data for Name: approval_lines; Type: TABLE DATA; Schema: public; Owner: postgres
--

INSERT INTO public.approval_lines (id, document_id, name, description, is_parallel, is_conditional, condition_expression, created_by, created_at, updated_at) VALUES ('d47752b7-bc7d-47e8-b601-63fa26e299bf', '37410fd8-ed2e-44a3-8fcc-a7977ca06e50', '예산 결재선', '2024년 예산 계획서 결재선', false, false, NULL, '01402d37-5e77-4806-98fe-f87e5f9f3771', '2025-09-17 05:34:25.778895+00', '2025-09-23 01:31:17.227943+00');
INSERT INTO public.approval_lines (id, document_id, name, description, is_parallel, is_conditional, condition_expression, created_by, created_at, updated_at) VALUES ('4faff550-c1dd-4b85-a2e9-99cf77224f00', '5c281c1c-9a1d-4f42-af67-0898712df18e', '채용 계획 결재선', '신규 직원 채용 계획 결재선', false, false, NULL, '80112239-d998-4855-bfef-ca2e09fbc21d', '2025-09-17 05:34:25.778895+00', '2025-09-23 01:31:17.227943+00');
INSERT INTO public.approval_lines (id, document_id, name, description, is_parallel, is_conditional, condition_expression, created_by, created_at, updated_at) VALUES ('39c2d4e7-9ac6-425d-9bfd-39d222caf11f', 'd9164d5f-2acc-48a0-a6df-0482b9ab5f8b', '', '', false, false, NULL, '01402d37-5e77-4806-98fe-f87e5f9f3771', '2025-09-26 04:16:26.273816+00', '2025-09-26 04:16:26.273816+00');
INSERT INTO public.approval_lines (id, document_id, name, description, is_parallel, is_conditional, condition_expression, created_by, created_at, updated_at) VALUES ('dbaed48e-feb2-45e9-be1a-17b6817a0786', '3174fef7-023b-4834-a533-025916b39b46', '', '', false, false, NULL, '01402d37-5e77-4806-98fe-f87e5f9f3771', '2025-09-29 04:31:44.548784+00', '2025-09-29 04:31:44.548784+00');
INSERT INTO public.approval_lines (id, document_id, name, description, is_parallel, is_conditional, condition_expression, created_by, created_at, updated_at) VALUES ('1ac3acca-c487-435e-8279-6ccb730cce94', '5c281c1c-9a1d-4f42-af67-0898712df18e', '이것 좀 알아보게 쓰자', '이것 좀 알아보게 쓰자', false, false, NULL, 'ac31e829-d5c6-4a1d-92de-439178b12f5f', '2025-09-29 00:52:27.669665+00', '2025-09-30 01:20:18.122833+00');
INSERT INTO public.approval_lines (id, document_id, name, description, is_parallel, is_conditional, condition_expression, created_by, created_at, updated_at) VALUES ('5ee28a1a-5bd8-4928-b13b-17dcd37d9c1a', '5c281c1c-9a1d-4f42-af67-0898712df18e', '이것 좀 알아보게 쓰자2', '이것 좀 알아보게 쓰자', false, false, NULL, 'ac31e829-d5c6-4a1d-92de-439178b12f5f', '2025-09-29 00:52:32.797842+00', '2025-09-30 01:20:18.122833+00');
INSERT INTO public.approval_lines (id, document_id, name, description, is_parallel, is_conditional, condition_expression, created_by, created_at, updated_at) VALUES ('cbd80aa3-e16a-4ede-8406-fb38bc028bc5', '6a6e22bf-e3a6-4b42-886a-3640406fafaa', '이것 좀 알아보게 쓰자3', '이것 좀 알아보게 쓰자', false, false, NULL, 'ac31e829-d5c6-4a1d-92de-439178b12f5f', '2025-09-29 01:29:18.064366+00', '2025-09-30 01:20:18.122833+00');
INSERT INTO public.approval_lines (id, document_id, name, description, is_parallel, is_conditional, condition_expression, created_by, created_at, updated_at) VALUES ('62895785-0aa6-48b0-ab27-7cc058a9edba', 'e6f344ae-f6d7-4e46-b1d0-fe1f6aa3d61c', '', '', false, false, NULL, '01402d37-5e77-4806-98fe-f87e5f9f3771', '2025-09-30 01:34:07.770434+00', '2025-09-30 01:34:07.770434+00');
INSERT INTO public.approval_lines (id, document_id, name, description, is_parallel, is_conditional, condition_expression, created_by, created_at, updated_at) VALUES ('22afd84f-f444-4264-9457-9d55b5fd0472', 'd230113d-04fc-4709-8b31-4ac291845ca0', '', '', false, false, NULL, '01402d37-5e77-4806-98fe-f87e5f9f3771', '2025-09-30 04:56:45.428962+00', '2025-09-30 04:56:45.428962+00');


--
-- Data for Name: approval_steps; Type: TABLE DATA; Schema: public; Owner: postgres
--

INSERT INTO public.approval_steps (id, approval_line_id, step_order, approver_id, approver_type, is_required, is_delegatable, max_delegation_level, created_at, alternate_approver_id, status, is_conditional, condition_expression, comments, approved_at, rejected_at, delegated_at, due_date) VALUES ('0bc128e5-858e-4325-8e33-34fabf5a4495', 'd47752b7-bc7d-47e8-b601-63fa26e299bf', 1, '80112239-d998-4855-bfef-ca2e09fbc21d', 'PERSON', true, true, 1, '2025-09-17 05:34:25.784184+00', NULL, 'PENDING', false, NULL, NULL, NULL, NULL, NULL, NULL);
INSERT INTO public.approval_steps (id, approval_line_id, step_order, approver_id, approver_type, is_required, is_delegatable, max_delegation_level, created_at, alternate_approver_id, status, is_conditional, condition_expression, comments, approved_at, rejected_at, delegated_at, due_date) VALUES ('be6c5e7c-f6b4-4927-b2a4-498f34591227', 'd47752b7-bc7d-47e8-b601-63fa26e299bf', 2, '01402d37-5e77-4806-98fe-f87e5f9f3771', 'PERSON', true, true, 1, '2025-09-17 05:34:25.784184+00', NULL, 'PENDING', false, NULL, NULL, NULL, NULL, NULL, NULL);
INSERT INTO public.approval_steps (id, approval_line_id, step_order, approver_id, approver_type, is_required, is_delegatable, max_delegation_level, created_at, alternate_approver_id, status, is_conditional, condition_expression, comments, approved_at, rejected_at, delegated_at, due_date) VALUES ('457e4bd0-b82a-454f-bdef-e4e8adee0f12', 'd47752b7-bc7d-47e8-b601-63fa26e299bf', 3, 'ac31e829-d5c6-4a1d-92de-439178b12f5f', 'PERSON', true, false, 1, '2025-09-17 05:34:25.784184+00', NULL, 'PENDING', false, NULL, NULL, NULL, NULL, NULL, NULL);
INSERT INTO public.approval_steps (id, approval_line_id, step_order, approver_id, approver_type, is_required, is_delegatable, max_delegation_level, created_at, alternate_approver_id, status, is_conditional, condition_expression, comments, approved_at, rejected_at, delegated_at, due_date) VALUES ('555d9da8-d60d-4b87-81f0-6bb991c416e8', '4faff550-c1dd-4b85-a2e9-99cf77224f00', 1, '36bbe4eb-9dc8-43aa-9dc0-af8d02eb3dc5', 'PERSON', true, true, 1, '2025-09-17 05:34:25.784184+00', NULL, 'PENDING', false, NULL, NULL, NULL, NULL, NULL, NULL);
INSERT INTO public.approval_steps (id, approval_line_id, step_order, approver_id, approver_type, is_required, is_delegatable, max_delegation_level, created_at, alternate_approver_id, status, is_conditional, condition_expression, comments, approved_at, rejected_at, delegated_at, due_date) VALUES ('96148310-604b-41ab-9adc-523577923d06', 'd47752b7-bc7d-47e8-b601-63fa26e299bf', 1, '80112239-d998-4855-bfef-ca2e09fbc21d', 'PERSON', true, true, 1, '2025-09-22 04:16:40.092372+00', NULL, 'PENDING', false, NULL, NULL, NULL, NULL, NULL, NULL);
INSERT INTO public.approval_steps (id, approval_line_id, step_order, approver_id, approver_type, is_required, is_delegatable, max_delegation_level, created_at, alternate_approver_id, status, is_conditional, condition_expression, comments, approved_at, rejected_at, delegated_at, due_date) VALUES ('7ee09b07-fe8f-4464-bc1a-b63d7303fb88', 'd47752b7-bc7d-47e8-b601-63fa26e299bf', 2, '01402d37-5e77-4806-98fe-f87e5f9f3771', 'PERSON', true, true, 1, '2025-09-22 04:16:40.092372+00', NULL, 'PENDING', false, NULL, NULL, NULL, NULL, NULL, NULL);
INSERT INTO public.approval_steps (id, approval_line_id, step_order, approver_id, approver_type, is_required, is_delegatable, max_delegation_level, created_at, alternate_approver_id, status, is_conditional, condition_expression, comments, approved_at, rejected_at, delegated_at, due_date) VALUES ('b8aadd6d-45fd-42d7-a5fc-2e0b5c0dfbff', '4faff550-c1dd-4b85-a2e9-99cf77224f00', 1, '36bbe4eb-9dc8-43aa-9dc0-af8d02eb3dc5', 'PERSON', true, true, 1, '2025-09-22 04:16:40.092372+00', NULL, 'PENDING', false, NULL, NULL, NULL, NULL, NULL, NULL);
INSERT INTO public.approval_steps (id, approval_line_id, step_order, approver_id, approver_type, is_required, is_delegatable, max_delegation_level, created_at, alternate_approver_id, status, is_conditional, condition_expression, comments, approved_at, rejected_at, delegated_at, due_date) VALUES ('cf585faf-9c74-4b88-9624-0b6b699ef81e', '39c2d4e7-9ac6-425d-9bfd-39d222caf11f', 1, 'feaa1480-db2a-437d-81ff-d62dac79fb9a', 'PERSON', true, true, 1, '2025-09-26 04:16:26.282815+00', NULL, 'PENDING', false, NULL, NULL, NULL, NULL, NULL, '2025-09-30');
INSERT INTO public.approval_steps (id, approval_line_id, step_order, approver_id, approver_type, is_required, is_delegatable, max_delegation_level, created_at, alternate_approver_id, status, is_conditional, condition_expression, comments, approved_at, rejected_at, delegated_at, due_date) VALUES ('d1405c94-be36-4831-9361-733a782a30f8', '39c2d4e7-9ac6-425d-9bfd-39d222caf11f', 2, 'e8ad44fc-4ae6-4d67-ba3c-753b06514ceb', 'PERSON', true, true, 1, '2025-09-26 04:16:26.291837+00', NULL, 'PENDING', false, NULL, NULL, NULL, NULL, NULL, '2025-10-01');
INSERT INTO public.approval_steps (id, approval_line_id, step_order, approver_id, approver_type, is_required, is_delegatable, max_delegation_level, created_at, alternate_approver_id, status, is_conditional, condition_expression, comments, approved_at, rejected_at, delegated_at, due_date) VALUES ('58f0b36c-6a42-44db-8798-09aeda2f57bd', 'cbd80aa3-e16a-4ede-8406-fb38bc028bc5', 1, 'ac31e829-d5c6-4a1d-92de-439178b12f5f', 'PERSON', true, true, 1, '2025-09-29 01:29:18.074442+00', NULL, 'PENDING', false, NULL, NULL, NULL, NULL, NULL, NULL);
INSERT INTO public.approval_steps (id, approval_line_id, step_order, approver_id, approver_type, is_required, is_delegatable, max_delegation_level, created_at, alternate_approver_id, status, is_conditional, condition_expression, comments, approved_at, rejected_at, delegated_at, due_date) VALUES ('1a036bf2-f1e5-4cfd-812c-f70cda530932', 'd47752b7-bc7d-47e8-b601-63fa26e299bf', 3, 'ac31e829-d5c6-4a1d-92de-439178b12f5f', 'PERSON', true, false, 1, '2025-09-22 04:16:40.092372+00', NULL, 'APPROVED', false, NULL, NULL, '2025-09-30 01:12:22.452689+00', NULL, NULL, NULL);
INSERT INTO public.approval_steps (id, approval_line_id, step_order, approver_id, approver_type, is_required, is_delegatable, max_delegation_level, created_at, alternate_approver_id, status, is_conditional, condition_expression, comments, approved_at, rejected_at, delegated_at, due_date) VALUES ('3948656e-4e68-4f23-bf07-010eab76efbe', 'dbaed48e-feb2-45e9-be1a-17b6817a0786', 1, 'ac31e829-d5c6-4a1d-92de-439178b12f5f', 'PERSON', true, true, 1, '2025-09-29 04:31:44.559786+00', NULL, 'APPROVED', false, NULL, NULL, '2025-09-30 01:30:47.921976+00', NULL, NULL, '2025-10-08');
INSERT INTO public.approval_steps (id, approval_line_id, step_order, approver_id, approver_type, is_required, is_delegatable, max_delegation_level, created_at, alternate_approver_id, status, is_conditional, condition_expression, comments, approved_at, rejected_at, delegated_at, due_date) VALUES ('17597997-1445-4638-9c52-910e49b52712', '62895785-0aa6-48b0-ab27-7cc058a9edba', 1, 'ac31e829-d5c6-4a1d-92de-439178b12f5f', 'PERSON', true, true, 1, '2025-09-30 01:34:07.777437+00', NULL, 'APPROVED', false, NULL, NULL, '2025-09-30 04:24:23.927125+00', NULL, NULL, '2025-10-03');
INSERT INTO public.approval_steps (id, approval_line_id, step_order, approver_id, approver_type, is_required, is_delegatable, max_delegation_level, created_at, alternate_approver_id, status, is_conditional, condition_expression, comments, approved_at, rejected_at, delegated_at, due_date) VALUES ('371317ad-24e2-4d47-a9af-3d10a6d9b9a8', '1ac3acca-c487-435e-8279-6ccb730cce94', 1, 'ac31e829-d5c6-4a1d-92de-439178b12f5f', 'PERSON', true, true, 1, '2025-09-29 00:52:27.680664+00', NULL, 'APPROVED', false, NULL, NULL, '2025-09-30 04:50:17.888943+00', NULL, NULL, '2025-10-01');
INSERT INTO public.approval_steps (id, approval_line_id, step_order, approver_id, approver_type, is_required, is_delegatable, max_delegation_level, created_at, alternate_approver_id, status, is_conditional, condition_expression, comments, approved_at, rejected_at, delegated_at, due_date) VALUES ('3eaba9dc-c315-4437-9579-66fbf786fa96', '5ee28a1a-5bd8-4928-b13b-17dcd37d9c1a', 1, 'ac31e829-d5c6-4a1d-92de-439178b12f5f', 'PERSON', true, true, 1, '2025-09-29 00:52:32.79984+00', 'ac31e829-d5c6-4a1d-92de-439178b12f5f', 'APPROVED', false, NULL, NULL, '2025-09-30 04:50:19.975785+00', NULL, NULL, '2025-10-01');
INSERT INTO public.approval_steps (id, approval_line_id, step_order, approver_id, approver_type, is_required, is_delegatable, max_delegation_level, created_at, alternate_approver_id, status, is_conditional, condition_expression, comments, approved_at, rejected_at, delegated_at, due_date) VALUES ('96c6dc69-3390-4261-8e50-303b9baecb1c', '22afd84f-f444-4264-9457-9d55b5fd0472', 1, 'ac31e829-d5c6-4a1d-92de-439178b12f5f', 'PERSON', true, true, 1, '2025-09-30 04:56:45.437483+00', NULL, 'PENDING', false, NULL, NULL, NULL, NULL, NULL, '2025-10-03');
INSERT INTO public.approval_steps (id, approval_line_id, step_order, approver_id, approver_type, is_required, is_delegatable, max_delegation_level, created_at, alternate_approver_id, status, is_conditional, condition_expression, comments, approved_at, rejected_at, delegated_at, due_date) VALUES ('62a9564e-800a-47de-84e0-b81ff736cb4e', '4faff550-c1dd-4b85-a2e9-99cf77224f00', 2, '01402d37-5e77-4806-98fe-f87e5f9f3771', 'PERSON', true, true, 1, '2025-09-17 05:34:25.784184+00', NULL, 'APPROVED', false, NULL, NULL, '2025-09-30 04:58:23.016623+00', NULL, NULL, NULL);
INSERT INTO public.approval_steps (id, approval_line_id, step_order, approver_id, approver_type, is_required, is_delegatable, max_delegation_level, created_at, alternate_approver_id, status, is_conditional, condition_expression, comments, approved_at, rejected_at, delegated_at, due_date) VALUES ('5505e998-55c6-4f4b-9dba-540f3765145a', '4faff550-c1dd-4b85-a2e9-99cf77224f00', 2, '01402d37-5e77-4806-98fe-f87e5f9f3771', 'PERSON', true, true, 1, '2025-09-22 04:16:40.092372+00', NULL, 'APPROVED', false, NULL, NULL, '2025-09-30 04:58:26.160791+00', NULL, NULL, NULL);


--
-- Data for Name: approval_histories; Type: TABLE DATA; Schema: public; Owner: postgres
--



--
-- Data for Name: attachments; Type: TABLE DATA; Schema: public; Owner: postgres
--

INSERT INTO public.attachments (id, document_id, filename, original_filename, file_path, file_size, mime_type, checksum, uploaded_by, uploaded_at, is_encrypted, encryption_key_id, created_at, description, stored_filename) VALUES ('bbc0f5f6-13a5-4fd1-844f-e7e3a0649f14', '37410fd8-ed2e-44a3-8fcc-a7977ca06e50', '새올인력.xlsx', '새올인력.xlsx', '.\uploads\135dfc28-1cb2-44ab-b65b-1cd3cfbf2b35.xlsx', 23905, 'application/vnd.openxmlformats-officedocument.spreadsheetml.sheet', '8ce7d17741ab15dd7fdc9ac36247fc29b5c76f99eb151e3f4174b42c9ba3f321', 'ac31e829-d5c6-4a1d-92de-439178b12f5f', '2025-09-25 04:52:00.257501+00', false, NULL, '2025-09-25 04:52:00.274721+00', NULL, '135dfc28-1cb2-44ab-b65b-1cd3cfbf2b35.xlsx');
INSERT INTO public.attachments (id, document_id, filename, original_filename, file_path, file_size, mime_type, checksum, uploaded_by, uploaded_at, is_encrypted, encryption_key_id, created_at, description, stored_filename) VALUES ('9b2c9b8f-c4c8-4053-b812-1092dfd853a9', 'fed7b93c-f398-45eb-80a7-bf67376d51b3', '쌍용정보통신 34인치 모니터 견적서 (240809).pdf', '쌍용정보통신 34인치 모니터 견적서 (240809).pdf', '.\uploads\5a56817c-9cb4-4bae-99d0-7d032ddf0e48.pdf', 221639, 'application/pdf', '0660c94699edb8c0597baa45996d301f754222f2f4bfaae88c9cb1fdd787ead8', 'ac31e829-d5c6-4a1d-92de-439178b12f5f', '2025-09-25 06:28:45.53052+00', false, NULL, '2025-09-25 06:28:45.53052+00', NULL, '5a56817c-9cb4-4bae-99d0-7d032ddf0e48.pdf');
INSERT INTO public.attachments (id, document_id, filename, original_filename, file_path, file_size, mime_type, checksum, uploaded_by, uploaded_at, is_encrypted, encryption_key_id, created_at, description, stored_filename) VALUES ('e2746abb-f3dd-4468-8cf8-1ed1a4e8a2f3', 'fed7b93c-f398-45eb-80a7-bf67376d51b3', '새올인력.xlsx', '새올인력.xlsx', '.\uploads\b3278c0e-8355-4aba-b92c-deba2b0567af.xlsx', 23905, 'application/vnd.openxmlformats-officedocument.spreadsheetml.sheet', '8ce7d17741ab15dd7fdc9ac36247fc29b5c76f99eb151e3f4174b42c9ba3f321', 'ac31e829-d5c6-4a1d-92de-439178b12f5f', '2025-09-25 06:33:56.266642+00', false, NULL, '2025-09-25 06:33:56.281082+00', NULL, 'b3278c0e-8355-4aba-b92c-deba2b0567af.xlsx');


--
-- Data for Name: audit_logs; Type: TABLE DATA; Schema: public; Owner: postgres
--

INSERT INTO public.audit_logs (id, user_id, action, resource_type, resource_id, old_values, new_values, ip_address, user_agent, created_at, action_at, error_message, session_id, is_successful) VALUES ('0f73e147-67bb-4c52-833d-78c36fd8b8b7', 'ac31e829-d5c6-4a1d-92de-439178b12f5f', 'CREATE', 'DOCUMENT', '1e50afa0-a126-4346-962b-e339175896ef', NULL, '{"title": "보안 정책 개정안", "status": "DRAFT"}', '127.0.0.1', NULL, '2025-09-17 05:34:25.795054+00', '2025-09-23 01:41:31.195483+00', NULL, NULL, NULL);
INSERT INTO public.audit_logs (id, user_id, action, resource_type, resource_id, old_values, new_values, ip_address, user_agent, created_at, action_at, error_message, session_id, is_successful) VALUES ('97166f2a-63d4-4bf4-823c-8d7ab6b6ff6f', '80112239-d998-4855-bfef-ca2e09fbc21d', 'SUBMIT', 'DOCUMENT', '5c281c1c-9a1d-4f42-af67-0898712df18e', '{"status": "DRAFT"}', '{"status": "SUBMITTED"}', '127.0.0.1', NULL, '2025-09-17 05:34:25.795054+00', '2025-09-23 01:41:31.195483+00', NULL, NULL, NULL);


--
-- Data for Name: comments; Type: TABLE DATA; Schema: public; Owner: postgres
--

INSERT INTO public.comments (id, document_id, author_id, content, parent_comment_id, is_internal, created_at, updated_at, is_edited) VALUES ('0edb5f72-461e-409a-87ec-4e81e7e77217', '37410fd8-ed2e-44a3-8fcc-a7977ca06e50', '80112239-d998-4855-bfef-ca2e09fbc21d', '예산 계획이 현실적으로 보입니다.', NULL, false, '2025-09-17 05:34:25.790411+00', '2025-09-17 05:34:25.790411+00', false);
INSERT INTO public.comments (id, document_id, author_id, content, parent_comment_id, is_internal, created_at, updated_at, is_edited) VALUES ('e3982e87-7fa6-4ace-8d19-002bb1a8c176', '5c281c1c-9a1d-4f42-af67-0898712df18e', '36bbe4eb-9dc8-43aa-9dc0-af8d02eb3dc5', '채용 인원을 조금 더 늘려야 할 것 같습니다.', NULL, false, '2025-09-17 05:34:25.790411+00', '2025-09-17 05:34:25.790411+00', false);


--
-- Data for Name: policies; Type: TABLE DATA; Schema: public; Owner: postgres
--

INSERT INTO public.policies (id, name, description, policy_type, policy_data, is_active, created_by, created_at, updated_at) VALUES ('29619a1a-c8fa-43ea-b531-3f11f6ed1a45', '기본 결재 정책', '일반적인 결재 프로세스 정책', 'APPROVAL_POLICY', '{"allow_parallel": true, "allow_delegation": true, "max_approval_steps": 5, "max_delegation_level": 2}', true, 'ac31e829-d5c6-4a1d-92de-439178b12f5f', '2025-09-17 05:34:25.763877+00', '2025-09-17 05:34:25.763877+00');
INSERT INTO public.policies (id, name, description, policy_type, policy_data, is_active, created_by, created_at, updated_at) VALUES ('1f88d968-9b76-4540-995c-cf9809bfb113', '보안 문서 정책', '보안 등급 문서 처리 정책', 'SECURITY_POLICY', '{"audit_all_access": true, "require_encryption": true, "watermark_documents": true}', true, 'ac31e829-d5c6-4a1d-92de-439178b12f5f', '2025-09-17 05:34:25.763877+00', '2025-09-17 05:34:25.763877+00');
INSERT INTO public.policies (id, name, description, policy_type, policy_data, is_active, created_by, created_at, updated_at) VALUES ('26cb0e8c-dc81-4877-8c70-3f766da7ff3b', '지사 간 결재 정책', '지사 간 문서 결재 정책', 'CROSS_BRANCH_POLICY', '{"allow_cross_branch": true, "require_hq_approval": true, "max_cross_branch_steps": 3}', true, 'ac31e829-d5c6-4a1d-92de-439178b12f5f', '2025-09-17 05:34:25.763877+00', '2025-09-17 05:34:25.763877+00');
INSERT INTO public.policies (id, name, description, policy_type, policy_data, is_active, created_by, created_at, updated_at) VALUES ('303b7a91-1fbd-4e94-8108-ac0efb905ece', '기본 결재 정책', '일반적인 결재 프로세스 정책', 'APPROVAL_POLICY', '{"allow_parallel": true, "allow_delegation": true, "max_approval_steps": 5, "max_delegation_level": 2}', true, 'ac31e829-d5c6-4a1d-92de-439178b12f5f', '2025-09-22 04:16:40.069415+00', '2025-09-22 04:16:40.069415+00');
INSERT INTO public.policies (id, name, description, policy_type, policy_data, is_active, created_by, created_at, updated_at) VALUES ('53e87c81-3cce-4832-beaa-7acdf06f1fca', '보안 문서 정책', '보안 등급 문서 처리 정책', 'SECURITY_POLICY', '{"audit_all_access": true, "require_encryption": true, "watermark_documents": true}', true, 'ac31e829-d5c6-4a1d-92de-439178b12f5f', '2025-09-22 04:16:40.069415+00', '2025-09-22 04:16:40.069415+00');
INSERT INTO public.policies (id, name, description, policy_type, policy_data, is_active, created_by, created_at, updated_at) VALUES ('f75bdff2-6637-431d-83d5-dd7444340d42', '지사 간 결재 정책', '지사 간 문서 결재 정책', 'CROSS_BRANCH_POLICY', '{"allow_cross_branch": true, "require_hq_approval": true, "max_cross_branch_steps": 3}', true, 'ac31e829-d5c6-4a1d-92de-439178b12f5f', '2025-09-22 04:16:40.069415+00', '2025-09-22 04:16:40.069415+00');


--
-- Data for Name: roles; Type: TABLE DATA; Schema: public; Owner: postgres
--

INSERT INTO public.roles (id, name, description, is_system_role, created_at, updated_at, is_active) VALUES ('bfe7506e-dab7-4afb-a4a0-96386373b3e8', 'SUPER_ADMIN', '시스템 최고 관리자', true, '2025-09-17 05:34:25.74038+00', '2025-09-17 05:34:25.74038+00', true);
INSERT INTO public.roles (id, name, description, is_system_role, created_at, updated_at, is_active) VALUES ('41aec26e-3558-4808-8e0a-9862c17655ba', 'ADMIN', '관리자', true, '2025-09-17 05:34:25.74038+00', '2025-09-17 05:34:25.74038+00', true);
INSERT INTO public.roles (id, name, description, is_system_role, created_at, updated_at, is_active) VALUES ('0c06e444-7ef3-4724-b8cb-d71584cce880', 'MANAGER', '중간 관리자', false, '2025-09-17 05:34:25.74038+00', '2025-09-17 05:34:25.74038+00', true);
INSERT INTO public.roles (id, name, description, is_system_role, created_at, updated_at, is_active) VALUES ('5bd361df-f615-483c-b786-b52e767181a8', 'SUPERVISOR', '책임자', false, '2025-09-17 05:34:25.74038+00', '2025-09-17 05:34:25.74038+00', true);
INSERT INTO public.roles (id, name, description, is_system_role, created_at, updated_at, is_active) VALUES ('fccd8911-9245-4df5-bedd-ffb6046ff991', 'SENIOR', '장상', false, '2025-09-17 05:34:25.74038+00', '2025-09-17 05:34:25.74038+00', true);
INSERT INTO public.roles (id, name, description, is_system_role, created_at, updated_at, is_active) VALUES ('dd93be53-2f40-4302-a1b3-db548db46e94', 'USER', '일반 사용자', false, '2025-09-17 05:34:25.74038+00', '2025-09-17 05:34:25.74038+00', true);
INSERT INTO public.roles (id, name, description, is_system_role, created_at, updated_at, is_active) VALUES ('c07abd47-8f6b-488d-902f-e4dc4d62738f', 'RESPONSIBLE', '?????', false, '2025-09-29 05:39:16.649948+00', '2025-09-29 05:39:16.649948+00', true);
INSERT INTO public.roles (id, name, description, is_system_role, created_at, updated_at, is_active) VALUES ('3eae56a0-88f2-4f80-8c8e-fa638a21a359', 'MIDDLE_MANAGER', '???????', false, '2025-09-29 05:39:21.466845+00', '2025-09-29 05:39:21.466845+00', true);
INSERT INTO public.roles (id, name, description, is_system_role, created_at, updated_at, is_active) VALUES ('e5cc0840-c61c-4c72-a542-0d1a3522d7a1', 'SUPERIOR', '??', false, '2025-09-29 05:39:27.229166+00', '2025-09-29 05:39:27.229166+00', true);


--
-- Data for Name: user_roles; Type: TABLE DATA; Schema: public; Owner: postgres
--

INSERT INTO public.user_roles (id, user_id, role_id, branch_id, granted_by, granted_at, expires_at, is_active) VALUES ('56531686-a9e3-45b2-8a53-c864cfbdf2a6', 'ac31e829-d5c6-4a1d-92de-439178b12f5f', 'bfe7506e-dab7-4afb-a4a0-96386373b3e8', '433fec24-b2b8-4b3c-a9a4-af9d69e104e3', 'ac31e829-d5c6-4a1d-92de-439178b12f5f', '2025-09-22 05:11:12.039951+00', NULL, true);
INSERT INTO public.user_roles (id, user_id, role_id, branch_id, granted_by, granted_at, expires_at, is_active) VALUES ('2ba56acb-9156-4b35-9aa8-352283b87e16', '01402d37-5e77-4806-98fe-f87e5f9f3771', 'c07abd47-8f6b-488d-902f-e4dc4d62738f', '433fec24-b2b8-4b3c-a9a4-af9d69e104e3', 'ac31e829-d5c6-4a1d-92de-439178b12f5f', '2025-09-29 05:40:26.324424+00', NULL, true);


--
-- PostgreSQL database dump complete
--

\unrestrict baaLeipQPKHMBKkBnhZi7cnqheUx9BAaeUpFlcScUajJ0au1gvDrWpBQJ7u12Ml

